accuracy,準確度｜量測值與真值的接近程度。｜例：Good precision does not guarantee accuracy if the model is biased.｜譯：如果模型有偏差，精密度好並不保證準確度好。
activation energy,活化能｜Arrhenius 關係中決定溫度敏感度的參數。｜例：A higher activation energy makes the rate more sensitive to temperature.｜譯：活化能越高，速率對溫度越敏感。
adjusted R-squared,調整後 R²｜依模型參數數量懲罰的 R²；加入沒用的項會讓它下降。｜例：Adjusted R-squared fell when the extra terms added nothing.｜譯：多加的項沒有幫助時，調整後 R² 會下降。
ALD window,"ALD 溫度視窗｜每循環成長量幾乎不隨溫度變化的溫度範圍；太低會凝結、太高前驅物會分解。｜例：Outside the ALD window, growth per cycle and non-uniformity both rise.｜譯：在 ALD 溫度視窗外，每循環成長量和不均勻度都會上升。"
aliasing,"混淆（別名）｜部分因子設計中，兩個效應的欄位完全相同，無法分開估計。｜例：With D = ABC, the AB interaction is aliased with CD.｜譯：當 D = ABC 時，AB 交互作用與 CD 混淆。"
ambient medium,環境介質｜光入射前所在的介質，一般為空氣（n = 1）。｜例：Setting the ambient medium to n = 1.5 instead of air shifts every reflectance curve.｜譯：把環境介質設成 n = 1.5 而不是空氣，會讓每一條反射率曲線都偏移。
amorphous silicon,非晶矽（a-Si）｜無長程有序的矽，吸收比結晶矽強。｜例：Amorphous silicon absorbs strongly in the blue part of the spectrum.｜譯：非晶矽在光譜的藍光區有很強的吸收。
analysis of variance,變異數分析（ANOVA）｜把總變異拆解成各來源的統計方法。｜例：The ANOVA method pools the interaction term when it is not significant.｜譯：ANOVA 方法在交互作用不顯著時將其合併。
angle of incidence,入射角｜入射光與表面法線的夾角；SE 常用 65°–75°。｜例：Using several angles of incidence reduces correlation between fitted parameters.｜譯：使用多個入射角可以降低擬合參數之間的相關性。
applications engineer,應用工程師｜負責量測 recipe 開發、機台能力驗證與量測問題排除的工程師。｜例：The applications engineer released a new thickness recipe after the gauge study passed.｜譯：量具研究通過後，應用工程師發行了新的膜厚 recipe。
aspect ratio,深寬比｜結構深度與寬度之比。｜例：Step coverage falls as the aspect ratio increases.｜譯：深寬比越大，階梯覆蓋率越低。
atomic layer deposition,原子層沉積（ALD）｜以自我限制反應逐層沉積，厚度以循環數控制，覆蓋性極佳。｜例：Atomic layer deposition adds about 0.1 nm per cycle.｜譯：原子層沉積每個循環約增加 0.1 nm。
attribution,出處標示｜使用他人 MIT 等授權程式碼時保留版權與授權聲明。｜例：The adapted SPC module keeps SemiYield's attribution in NOTICE.md.｜譯：改寫的 SPC 模組在 NOTICE.md 中保留 SemiYield 的出處標示。
average run length,平均連串長度（ARL）｜管制圖發出訊號前平均所需的點數。｜例：A long in-control average run length means few false alarms.｜譯：受控時平均連串長度長，代表誤警報少。
band gap,能隙｜材料開始吸收光的最低光子能量。｜例：Below the band gap the film is transparent and k is zero.｜譯：低於能隙時薄膜是透明的，k 為零。
Bayesian optimization,貝氏最佳化｜以代理模型與取樣策略，用少量實驗找到最佳條件。｜例：Bayesian optimization suggests the next recipe to try.｜譯：貝氏最佳化會建議下一組要嘗試的 recipe。
Bland-Altman plot,Bland-Altman 圖（差異圖）｜以差值對平均值作圖，檢查兩種量測的一致性。｜例：The Bland-Altman plot shows no trend in the difference across the range.｜譯：Bland-Altman 圖顯示差值在整個範圍內沒有趨勢。
bowl,碗形（中心厚邊緣薄或反之）｜對稱的二次方徑向分布，常與溫度或電漿密度有關。｜例：A bowl excursion barely moves the wafer mean.｜譯：碗形異常幾乎不會改變晶圓平均值。
Box-Behnken design,Box-Behnken 設計｜每次只把兩個因子放在極端值，不跑角落點；可估計二次項，適合角落不安全的製程。｜例：A Box-Behnken design avoids running every factor at its extreme at once.｜譯：Box-Behnken 設計避免所有因子同時處於極端值。
Brewster angle,布魯斯特角｜p 偏振反射率為零的入射角，tanθ = n2/n1。｜例：On a bare glass substrate Psi drops to zero at the Brewster angle.｜譯：在裸玻璃基板上，Ψ 在布魯斯特角降為零。
capacitor dielectric,電容介電層｜DRAM 儲存電容中的絕緣層，如 ZrO2/Al2O3/ZrO2（ZAZ）。｜例：The ZAZ capacitor dielectric is only about 5 nm thick in total.｜譯：ZAZ 電容介電層總厚度只有約 5 nm。
Cauchy model,柯西模型｜n = A + B/λ² + C/λ⁴，適用於透明介電質。｜例：The Cauchy model is a good choice for transparent ALD oxides.｜譯：柯西模型很適合用於透明的 ALD 氧化物。
center point,中心點｜因子皆在中間水準的實驗，用於檢查曲率與估計誤差。｜例：Center points reveal curvature that a two-level design would miss.｜譯：中心點能發現二水準設計會漏掉的曲率。
center-to-edge,中心到邊緣差｜邊緣平均值減中心值，用來描述碗形或圓頂形分布。｜例：A negative center-to-edge value means the edge is thinner.｜譯：中心到邊緣差為負值代表邊緣較薄。
central composite design,中心合成設計（CCD）｜因子點 + 軸點 + 中心點，可估計二次（彎曲）項；面心型的軸點不會超出範圍。｜例：The central composite design found the ALD temperature window that the two-level design missed.｜譯：中心合成設計找到了二水準設計漏掉的 ALD 溫度視窗。
chamber,腔體｜機台中實際進行製程的反應室；一台機台可有多個腔體。｜例：Wafers alternate between chamber A and chamber B.｜譯：晶圓輪流進入 A 腔與 B 腔。
chamber matching,腔體匹配｜確認同一機台不同腔體的製程結果一致。｜例：Chamber matching revealed a 0.4 nm offset on chamber B.｜譯：腔體匹配發現 B 腔有 0.4 nm 的偏移。
chemical mechanical polishing,化學機械研磨（CMP）｜以研磨液與研磨墊平坦化表面。｜例：Chemical mechanical polishing removes less material at the wafer edge.｜譯：化學機械研磨在晶圓邊緣移除的材料較少。
chemical vapor deposition,化學氣相沉積（CVD）｜以氣體前驅物反應沉積薄膜。｜例：Chemical vapor deposition rate rises exponentially with temperature.｜譯：化學氣相沉積速率隨溫度呈指數上升。
class imbalance,類別不平衡｜某一類樣本遠少於其他類，如失效晶圓只佔少數。｜例：SECOM has a 14 to 1 class imbalance between pass and fail.｜譯：SECOM 的合格與失效之間有 14 比 1 的類別不平衡。
commonality analysis,共通性分析｜找出低良率晶圓共同經過的機台或腔體。｜例：Commonality analysis points to the chamber shared by most failing wafers.｜譯：共通性分析指向大多數失效晶圓共同經過的腔體。
confirmation run,"確認實驗｜在模型建議的配方實際再跑幾片，確認預測是否成立，才發行配方。｜例：Three confirmation runs landed within tolerance, so the recipe was released.｜譯：三片確認實驗都落在容許範圍內，所以發行了配方。"
confusion matrix,混淆矩陣｜列出實際類別與預測類別對照的表格。｜例：The confusion matrix shows Loc and Edge-Loc are often confused.｜譯：混淆矩陣顯示 Loc 與 Edge-Loc 常被混淆。
container,容器（Docker）｜打包好的執行環境，如資料庫服務。｜例：The database runs in a Docker container on port 5432.｜譯：資料庫在 5432 埠的 Docker 容器中執行。
contour plot,等高線圖｜以等值線或色階呈現二維分布。｜例：The contour plot uses a single blue scale for thickness.｜譯：等高線圖用單一藍色色階表示膜厚。
control chart,管制圖｜依時間序列繪製量測值與管制界限的圖。｜例：Each chamber gets its own control chart and baseline.｜譯：每個腔體都有自己的管制圖與基準。
control limits,"管制界限（UCL／LCL）｜由製程本身變異算出的界限，與規格界限不同。｜例：Control limits come from the process, not from the specification.｜譯：管制界限來自製程本身，而不是規格。"
convolutional neural network,卷積神經網路（CNN）｜擅長影像辨識的深度學習模型。｜例：A convolutional neural network classifies wafer-map defect patterns.｜譯：卷積神經網路對晶圓圖缺陷圖樣進行分類。
Cpk,製程能力指標 Cpk｜考慮偏離中心的短期能力指標；≥ 1.33 常為最低要求。｜例：Chamber DEP01-B has the lowest Cpk because its mean is off target.｜譯：DEP01-B 腔的 Cpk 最低，因為它的平均值偏離目標。
critical dimension,關鍵尺寸（CD）｜圖形中最重要的線寬或孔徑。｜例：Critical dimension after etch is slightly smaller than after litho.｜譯：蝕刻後的關鍵尺寸比微影後稍小。
curvature,"彎曲（曲率）｜回應在範圍中間不是直線變化；二水準設計看不到，中心點能偵測、CCD/BBD 能估計。｜例：Center points showed strong curvature, so the linear model was replaced by a quadratic one.｜譯：中心點顯示明顯彎曲，所以把線性模型換成二次模型。"
CUSUM chart,累積和管制圖（CUSUM）｜累積偏離目標的量，適合偵測小偏移。｜例：The CUSUM chart crosses the decision interval after a small sustained drift.｜譯：在小幅持續漂移之後，CUSUM 管制圖超出決策區間。
dashboard,儀表板｜互動式網頁，集中呈現圖表與指標。｜例：Open the dashboard with streamlit run.｜譯：用 streamlit run 開啟儀表板。
data pipeline,"資料管線｜資料從產生、驗證、載入到分析的自動化流程。｜例：The data pipeline simulates, validates, and loads six months of fab data.｜譯：資料管線模擬、驗證並載入六個月的晶圓廠資料。"
database migration,資料庫遷移｜以版本化腳本建立或修改資料表結構（如 Alembic）。｜例：Run the database migration before loading any data.｜譯：載入任何資料之前，先執行資料庫遷移。
defect density,缺陷密度（D0）｜單位面積的致命缺陷數，常用 defects/cm²。｜例：A higher defect density at the edge lowers edge-die yield.｜譯：邊緣較高的缺陷密度降低了邊緣晶粒的良率。
defect pattern,缺陷圖樣｜晶圓圖上失效晶粒的空間分布型態，如 Center、Edge-Ring、Scratch。｜例：An edge-ring defect pattern often points to deposition edge effects.｜譯：邊緣環狀缺陷圖樣常指向沉積的邊緣效應。
Deming regression,戴明迴歸｜兩個變數都有量測誤差時使用的迴歸，比最小平方法無偏。｜例：Deming regression gives an unbiased slope when both tools are noisy.｜譯：兩台機台都有雜訊時，戴明迴歸能給出無偏的斜率。
deposition rate,沉積速率｜單位時間沉積的厚度，nm/min。｜例：The optimal recipe reaches a deposition rate of 62 nm per minute.｜譯：最佳 recipe 達到每分鐘 62 nm 的沉積速率。
design of experiments,實驗設計（DOE）｜有系統地改變因子，以最少實驗找出因子效應。｜例：Design of experiments links recipe parameters to thickness and uniformity.｜譯：實驗設計把 recipe 參數與膜厚、均勻性連結起來。
design resolution,設計解析度｜定義關係中最短字的長度；解析度 IV 表示主效應不與二因子交互作用混淆。｜例：A resolution IV design keeps main effects clear of two-factor interactions.｜譯：解析度 IV 的設計讓主效應不與二因子交互作用混淆。
desirability function,滿意度函數｜把多個響應合併成單一 0–1 分數，以進行多目標最佳化。｜例：The desirability function trades deposition rate against film stress.｜譯：滿意度函數在沉積速率與薄膜應力之間取捨。
detection delay,偵測延遲｜異常開始後，要到第幾個樣本管制圖才發出警報；越小越好，但通常要用較多誤警報來換。｜例：EWMA cut the detection delay for the slow drift from 44 to 4 measured wafers.｜譯：EWMA 把慢漂移的偵測延遲從 44 片量測晶圓縮短到 4 片。
die,晶粒｜晶圓上切割後的單一晶片。｜例：Each die on the wafer map is coloured by its sort bin.｜譯：晶圓圖上的每顆晶粒依照其電測分類著色。
diffusion barrier,擴散阻障層｜防止金屬擴散進介電質的薄層，如 TiN。｜例：TiN acts as a diffusion barrier under tungsten.｜譯：TiN 在鎢下方作為擴散阻障層。
dishing,碟化｜CMP 後寬圖形中央凹陷的現象。｜例：Dishing increases when oxide thickness after CMP is low.｜譯：CMP 後氧化層較薄時，碟化會增加。
dispersion model,色散模型｜描述 n、k 隨波長變化的數學模型。｜例：Each material is assigned a dispersion model in films.yaml.｜譯：每一種材料都在 films.yaml 中指定一個色散模型。
drift,漂移｜隨時間緩慢變化的趨勢，如腔體老化。｜例：Deposition rate drifts down with chamber age and resets at PM.｜譯：沉積速率隨腔體使用時間往下漂移，PM 後重置。
dynamic repeatability,動態重複性｜包含進退片（load/unload）的重複量測變異。｜例：Dynamic repeatability adds placement and focus errors to static noise.｜譯：動態重複性在靜態雜訊之外還加上放片與對焦誤差。
edge exclusion,邊緣排除｜晶圓最外圈不量測的寬度，常為 2–3 mm。｜例：With 3 mm edge exclusion the outer ring sits at 147 mm radius.｜譯：邊緣排除 3 mm 時，最外圈位於半徑 147 mm。
edge ring,邊緣環（圖樣）｜失效晶粒集中在晶圓最外圈的圖樣，常與邊緣製程、斜面或夾持有關。｜例：The particle event produced an edge ring on every wafer from that chamber.｜譯：微粒事件讓那個 chamber 的每片晶圓都出現邊緣環。
edge roll-off,邊緣下滑｜最外圈突然變薄的現象。｜例：Edge roll-off appears only in the outermost ring of sites.｜譯：邊緣下滑只出現在最外圈的量測點。
editable install,可編輯安裝（pip install -e）｜套件直接指向原始碼，修改後立即生效。｜例：An editable install is required so the config folder can be found.｜譯：需要可編輯安裝，程式才能找到 config 資料夾。
ensemble model,集成模型｜結合多個機器學習模型以提高預測準確度。｜例：The ensemble model combines gradient boosting and a neural network.｜譯：集成模型結合了梯度提升與神經網路。
environment variable,環境變數｜作業系統層級的設定，用來指定資料與設定檔路徑。｜例：Point METRO_DATA_PATH to a folder outside the repository.｜譯：把 METRO_DATA_PATH 指向儲存庫以外的資料夾。
equivalence test,等效性檢定（TOST）｜雙單尾檢定：證明差異「小於規格」，而非只是「不顯著」。｜例：A non-significant t-test does not prove matching; use an equivalence test.｜譯：t 檢定不顯著不代表匹配，應使用等效性檢定。
etching,蝕刻｜以化學或電漿去除材料形成圖形。｜例：Etching selectivity determines how much of the mask survives.｜譯：蝕刻選擇比決定遮罩能保留多少。
EWMA chart,指數加權移動平均管制圖（EWMA）｜對小幅持續偏移比傳統管制圖更靈敏。｜例：The EWMA chart detects a one-sigma shift much faster than rule 1.｜譯：EWMA 管制圖偵測一個標準差偏移的速度比法則一快得多。
excursion,製程異常（偏移事件）｜製程突然偏離正常狀態的事件，需快速偵測並找出原因。｜例：The injected excursion is logged in a ground-truth table.｜譯：注入的製程異常會記錄在真值表中。
expected improvement,期望改善量（EI）｜貝氏最佳化中選下一個實驗點的準則。｜例：Expected improvement balances exploring new regions and refining good ones.｜譯：期望改善量在探索新區域與精修好區域之間取得平衡。
explainability,可解釋性｜說明模型為何做出某預測，如 SHAP 值。｜例：SHAP explainability ranks which process parameters drive yield.｜譯：SHAP 可解釋性排出哪些製程參數影響良率最大。
extinction coefficient,消光係數（k）｜複數折射率的虛部，代表材料吸收光的強弱。｜例：Silicon has a large extinction coefficient in the ultraviolet.｜譯：矽在紫外光區有很大的消光係數。
false alarm,誤警報｜製程正常卻觸發管制規則。｜例：Tight limits on a very stable statistic produce occasional false alarms.｜譯：在非常穩定的統計量上設緊界限，偶爾會產生誤警報。
fault detection and classification,故障偵測與分類（FDC）｜以機台感測器資料即時偵測異常並分類。｜例：Fault detection and classification uses hundreds of sensor readings per wafer.｜譯：故障偵測與分類每片晶圓使用數百個感測器讀值。
feature selection,特徵選擇｜去除無資訊或缺值過多的變數。｜例：Feature selection kept 442 of the 591 sensors.｜譯：特徵選擇保留了 591 個感測器中的 442 個。
film stack,膜層堆疊｜由上而下的多層薄膜結構，最底層為基板。｜例：The film stack is listed from the ambient side down to the silicon substrate.｜譯：膜層堆疊從環境介質側往下列到矽基板。
film stress,薄膜應力｜薄膜內的張應力或壓應力，會造成晶圓翹曲。｜例：Film stress combines intrinsic stress and thermal mismatch.｜譯：薄膜應力包含本質應力與熱膨脹不匹配。
film thickness,膜厚｜最常見的薄膜量測參數，單位多為 nm 或 Å。｜例：Film thickness is fitted at 49 sites to build the wafer map.｜譯：在 49 個量測點擬合膜厚，以建立晶圓圖。
floated parameter,浮動參數｜擬合時允許改變的參數；其餘為固定參數。｜例：Only the top layer thickness is a floated parameter in this recipe.｜譯：這個 recipe 中只有最上層膜厚是浮動參數。
fractional factorial design,部分因子設計｜只跑全因子組合的一部分（如 2^(4-1) = 8 組），代價是某些效應彼此混淆。｜例：A half-fraction fractional factorial design screens four factors in eight runs.｜譯：半部分因子設計用八次實驗篩選四個因子。
Fresnel coefficients,菲涅耳係數｜介面上反射／穿透的複數振幅比，分 rs 與 rp。｜例：The model returns the complex Fresnel coefficients of the whole stack.｜譯：模型回傳整個膜層堆疊的複數菲涅耳係數。
full factorial design,全因子設計｜所有因子所有水準組合都做實驗；2⁴ 為 16 組。｜例：A 2-to-the-4 full factorial design with four center points needs 20 runs.｜譯：2⁴ 全因子設計加四個中心點需要 20 次實驗。
gate oxide,閘極氧化層｜電晶體閘極下的薄氧化層，常只有數奈米。｜例：A gate oxide of 1.8 nm is measured with multi-angle SE.｜譯：1.8 nm 的閘極氧化層用多角度 SE 量測。
gauge R&R,"量具重複性與再現性（GR&R）｜以變異數分析拆解量測變異為重複性與再現性。｜例：The gauge R&R study used ten wafers, three tools, and three repeats.｜譯：GR&R 研究使用十片晶圓、三台機台、重複三次。"
Gaussian process,高斯過程｜可同時給出預測值與不確定度的代理模型。｜例：The Gaussian process predicts both the response and its uncertainty.｜譯：高斯過程同時預測響應值與其不確定度。
global search,全域搜尋｜先在整個範圍粗掃，避免落入局部極小值。｜例：A global search scans the whole thickness range before local refinement.｜譯：全域搜尋會先掃過整個膜厚範圍，再做局部精修。
goodness of fit,擬合優度｜評估模型與資料吻合程度的指標，如 χ²、R²。｜例：Sites with poor goodness of fit are flagged instead of reported.｜譯：擬合優度差的量測點會被標記，而不是直接回報。
Grad-CAM,Grad-CAM（梯度加權類別活化圖）｜顯示 CNN 判斷時關注影像哪個區域。｜例：Grad-CAM confirms the model looks at the wafer edge for edge-ring maps.｜譯：Grad-CAM 確認模型在判斷邊緣環圖樣時看的是晶圓邊緣。
ground truth,真值（標準答案）｜已知正確的結果，用來評估演算法。｜例：The simulator logs ground truth for every excursion it injects.｜譯：模擬器會記錄每個注入異常的真值。
growth per cycle,每循環成長量（GPC）｜ALD 每一個循環沉積的厚度；在 ALD 視窗內幾乎固定。｜例：Thickness equals growth per cycle times the number of cycles.｜譯：膜厚等於每循環成長量乘以循環數。
hard mask,硬遮罩｜蝕刻時保護下層圖形的無機薄膜，如氮化矽。｜例：The nitride hard mask thickness sets the etch budget.｜譯：氮化矽硬遮罩的厚度決定了蝕刻餘裕。
high-k dielectric,高介電常數介電質（high-k）｜如 HfO2、ZrO2，用於閘極或 DRAM 電容。｜例：The high-k dielectric is floated while the interfacial layer stays fixed.｜譯：高介電常數介電質設為浮動，介面層保持固定。
hold,暫停（hold）｜因異常把 lot 或機台暫停，待工程判定。｜例：The lot went on hold after two points violated rule 2.｜譯：兩點違反法則 2 之後，這批被暫停。
Hotelling T-squared,Hotelling T² 統計量｜多變量管制統計量，同時監控多個相關參數。｜例：Hotelling T-squared watches thickness and refractive index together.｜譯：Hotelling T² 同時監控膜厚與折射率。
individuals and moving range chart,個別值-移動全距管制圖（I-MR）｜每次一個數據點時使用的管制圖。｜例：The wafer mean is plotted on an individuals and moving range chart.｜譯：晶圓平均值繪在個別值-移動全距管制圖上。
interfacial layer,介面層（IL）｜high-k 與矽之間的薄 SiO2 層，約 0.5–1 nm。｜例：The interfacial layer is pre-measured before the high-k deposition.｜譯：介面層會在 high-k 沉積前先量測。
interference fringe,干涉條紋｜上下介面反射光相互干涉，使光譜出現週期性起伏。｜例：A thicker film produces more interference fringes across the same wavelength range.｜譯：膜越厚，在相同波長範圍內出現的干涉條紋越多。
interpolation,內插｜由離散量測點估計其他位置的值，用於繪製等高線圖。｜例：Thin-plate-spline interpolation fills the map between sites.｜譯：薄板樣條內插填補量測點之間的晶圓圖。
ion implantation,離子植入｜以加速離子將摻雜物打入矽中。｜例：Ion implantation dose is set in ions per square centimetre.｜譯：離子植入劑量以每平方公分的離子數設定。
Kramers-Kronig relations,克拉莫-克若尼關係｜連結介電函數實部與虛部的因果關係式。｜例：The real part of the permittivity follows from the Kramers-Kronig relations.｜譯：介電函數的實部可由克拉莫-克若尼關係求得。
Latin hypercube sampling,拉丁超立方抽樣｜讓樣本均勻散佈於多維空間的抽樣法。｜例：The first ten runs use Latin hypercube sampling.｜譯：前十次實驗使用拉丁超立方抽樣。
least squares,最小平方法｜使殘差平方和最小的擬合方法。｜例：Each candidate basin is refined with bounded least squares.｜譯：每個候選區域都用有界的最小平方法進行精修。
license,授權條款｜規定他人可否使用、修改、散布程式碼；沒有授權即保留所有權利。｜例：Without a license file you may read the code but not reuse it.｜譯：沒有授權檔時，你可以閱讀程式碼，但不能重複使用。
local minimum,局部極小值｜擬合誤差的假最低點，會給出看似合理但錯誤的膜厚。｜例：A local fit started at 530 nm stopped in a local minimum at 538.7 nm.｜譯：從 530 nm 開始的局部擬合停在 538.7 nm 的局部極小值。
long format,長表格格式｜每列一筆量測（一個量測點），方便各模組共用。｜例：All measurements are converted to long format with one row per site.｜譯：所有量測都轉成每個量測點一列的長表格格式。
long-term stability,長期穩定性｜以標準片每天量測數週，檢查漂移。｜例：The long-term stability study found a significant drift of 1.3 pm per day.｜譯：長期穩定性研究發現每天 1.3 pm 的顯著漂移。
lot,批（lot）｜一起流動的一組晶圓，通常 25 片。｜例：Five wafers per lot are sampled for metrology.｜譯：每批抽五片晶圓做量測。
mass-transport limited,質傳控制｜沉積速率受反應氣體輸送到表面的速度限制（高溫時），對壓力與流場敏感、均勻度較差。｜例：At high temperature the CVD process becomes mass-transport limited and depends on pressure.｜譯：高溫時 CVD 變成質傳控制，速率取決於壓力。
measurement site,"量測點｜晶圓上一個量測位置，以 (x, y) 座標表示。｜例：Each measurement site is stored as one row in the long-format table.｜譯：每一個量測點在長表格中存成一列。"
measurement system analysis,量測系統分析（MSA）｜評估量測系統是否足夠好、能否用於管制與決策。｜例：Measurement system analysis comes before any SPC chart is trusted.｜譯：在信任任何 SPC 管制圖之前，要先做量測系統分析。
metrology,量測（計量）｜以量測確認製程結果是否符合規格的工程領域；Metro 即 metrology 的簡稱。｜例：Metrology confirms that every deposition step lands on target before the lot moves on.｜譯：量測確認每一道沉積步驟都達到目標值，lot 才能往下一站走。
model-based fitting,模型擬合｜調整模型參數使模擬光譜與量測光譜吻合，是膜厚量測的核心。｜例：Thickness is not measured directly; it comes from model-based fitting.｜譯：膜厚不是直接量到的，而是由模型擬合得到。
monitor wafer,監控片｜不做產品、專門跑製程後量測膜厚或微粒的空白晶圓。｜例：Blanket monitor wafers make the optical model much simpler than patterned product.｜譯：空白監控片讓光學模型比圖案化的產品片簡單得多。
nearest centroid classifier,最近中心分類器｜計算每一類特徵的平均（中心），新樣本歸到距離最近的那一類；簡單、可解釋。｜例：A nearest centroid classifier on a few radial and line features separates most wafer-map patterns.｜譯：用幾個徑向與直線特徵的最近中心分類器，就能分開大部分晶圓圖樣。
non-uniformity,不均勻度（NU）｜常見定義：1σ/mean、range/mean、(max−min)/(2·mean)。｜例：Always state which non-uniformity definition a report uses.｜譯：報告中一定要說明使用哪一種不均勻度定義。
notch,缺口（晶圓定位）｜晶圓邊緣用來定位方向的小缺口。｜例：Site coordinates are defined relative to the notch direction.｜譯：量測點座標是相對於缺口方向定義的。
number of distinct categories,可區分類別數（ndc）｜1.41 × σ零件 / σGR&R；應 ≥ 5。｜例：An ndc of 27 means the gauge easily separates the wafers.｜譯：ndc 為 27 代表量具能輕易區分這些晶圓。
offset,偏移量｜兩台機台或腔體之間的平均差異。｜例：The mean offset of 0.10 nm is inside the 0.3 nm matching spec.｜譯：0.10 nm 的平均偏移量在 0.3 nm 的匹配規格內。
ONO stack,"ONO 堆疊（氧化-氮化-氧化）｜SiO2/Si3N4/SiO2 三層結構。｜例：In the ONO stack, the top oxide and nitride thicknesses are floated.｜譯：在 ONO 堆疊中，上層氧化層與氮化層的膜厚設為浮動。"
optical constants,"光學常數（n, k）｜材料的折射率與消光係數，隨波長而變。｜例：Replace the typical optical constants with the values your recipe actually uses.｜譯：請把典型的光學常數換成你 recipe 實際使用的數值。"
orchestration,"流程編排｜自動排程與串接多個資料處理工作（如 Dagster）。｜例：Orchestration runs simulate, load, and transform as one job.｜譯：流程編排把模擬、載入與轉換當成一個工作執行。"
out of control,失控（超出管制）｜觸發管制圖規則的狀態，需調查原因。｜例：An out-of-control point puts the chamber on hold.｜譯：一個失控點會讓腔體被暫停（hold）。
overlay,疊對｜上下兩層圖形之間的對準誤差。｜例：Overlay x and y are correlated in the simulated litho step.｜譯：在模擬的微影站中，疊對的 x 與 y 彼此相關。
oversampling,"過採樣（如 SMOTE）｜合成或複製少數類樣本以平衡資料。｜例：Oversampling is applied to the training set only, never to the test set.｜譯：過採樣只用在訓練集，絕不用在測試集。"
parameter correlation,參數相關性｜兩個擬合參數互相補償的程度；|r| 接近 1 時無法同時浮動。｜例：Thickness and n show a parameter correlation above 0.99 on a 2 nm film.｜譯：在 2 nm 的薄膜上，膜厚與 n 的參數相關性超過 0.99。
passivation layer,保護層（鈍化層）｜保護元件免受濕氣與污染的最上層薄膜。｜例：Silicon nitride is a common passivation layer.｜譯：氮化矽是常見的保護層。
PECVD,電漿輔助化學氣相沉積｜以電漿降低反應溫度的 CVD。｜例：PECVD nitride is deposited at 250 to 350 degrees Celsius.｜譯：PECVD 氮化矽在攝氏 250 到 350 度之間沉積。
Phase I,第一階段（建立基準）｜用穩定期資料計算管制界限的階段。｜例：Limits are computed from the first twenty wafers in Phase I.｜譯：管制界限由第一階段的前二十片晶圓計算。
physical vapor deposition,物理氣相沉積（PVD）｜以濺鍍等物理方式沉積金屬，方向性強。｜例：Physical vapor deposition has poor step coverage in deep trenches.｜譯：物理氣相沉積在深溝槽中的階梯覆蓋率很差。
polarization,偏振｜光電場振動方向；s 偏振垂直入射面，p 偏振平行入射面。｜例：Ellipsometry needs both s and p polarization at the same angle.｜譯：橢圓偏光術需要同一角度下的 s 與 p 兩種偏振。
Ppk,製程績效指標 Ppk｜以整體（長期）標準差計算的能力指標。｜例：Ppk is lower than Cpk when the process drifts between PMs.｜譯：製程在兩次 PM 之間漂移時，Ppk 會低於 Cpk。
precision,精密度｜重複量測的分散程度，常以 3σ 表示；不等於準確度。｜例：Precision is quoted as three sigma of repeated measurements.｜譯：精密度以重複量測的三倍標準差表示。
precision-to-tolerance ratio,精密度公差比（P/T）｜k·σ量測 /（USL − LSL）；< 10% 可接受，10–30% 有條件接受。｜例：A precision-to-tolerance ratio of 9.7% is acceptable.｜譯：9.7% 的精密度公差比是可接受的。
precursor,前驅物｜CVD/ALD 中提供元素的反應氣體，如 SiH4、TMA。｜例：SiH4 is the silicon precursor for PECVD nitride.｜譯：SiH4 是 PECVD 氮化矽的矽前驅物。
predicted R-squared,預測 R²｜用留一法 (PRESS) 估計模型對沒看過的實驗預測得多好；遠低於 R² 代表過度擬合。｜例：A negative predicted R-squared warns that the model will not predict new runs.｜譯：預測 R² 為負，警告這個模型無法預測新的實驗。
preventive maintenance,預防保養（PM）｜定期保養機台；常造成製程參數重置。｜例：Thickness shows a saw-tooth pattern between preventive maintenance events.｜譯：膜厚在兩次預防保養之間呈現鋸齒狀變化。
process capability,製程能力｜製程變異相對於規格寬度的能力，以 Cp/Cpk 表示。｜例：Process capability is only meaningful for a process in control.｜譯：只有在製程受控時，製程能力才有意義。
process route,製程流程（route）｜產品依序經過的所有製程步驟。｜例：Every product runs its own version of the process route.｜譯：每個產品都跑自己版本的製程流程。
process simulation,製程模擬｜以物理模型預測氧化、沉積、蝕刻、植入的結果。｜例：Process simulation predicts oxide thickness from time and temperature.｜譯：製程模擬由時間與溫度預測氧化層厚度。
process step,製程站點（步驟）｜製程流程中的一個步驟，例如 poly_dep、sti_cmp。｜例：Metrology is attached to the process step it follows.｜譯：量測資料掛在它之後的製程站點上。
process window,製程窗口｜所有輸出都符合規格的參數範圍。｜例：The process window shrinks when the uniformity spec is tightened.｜譯：均勻性規格收緊時，製程窗口會縮小。
Psi and Delta,Ψ 與 Δ（橢偏參數）｜ρ = rp/rs = tanΨ·e^{iΔ}；Ψ 為振幅比，Δ 為相位差。｜例：Psi and Delta are measured at three angles and fitted together.｜譯：在三個角度量測 Ψ 與 Δ，並一起擬合。
purge,清洗（吹淨）｜ALD 兩種前驅物之間用惰性氣體清除殘留氣體；太短會產生寄生 CVD。｜例：A purge that is too short leaves precursor behind and adds parasitic CVD growth.｜譯：清洗太短會殘留前驅物，產生寄生 CVD 成長。
queue time,等候時間（Q-time）｜晶圓在兩站之間等待的時間，過長可能影響品質。｜例：Queue time between steps follows an exponential distribution in the simulator.｜譯：模擬器中站與站之間的等候時間服從指數分布。
radial profile,徑向分布｜量測值隨半徑變化的曲線。｜例：The radial profile drops sharply beyond 130 mm.｜譯：徑向分布在 130 mm 以外急遽下降。
random forest,隨機森林｜由多棵決策樹投票的分類／迴歸模型。｜例：A random forest classifies wafers as pass or fail from sensor data.｜譯：隨機森林以感測器資料把晶圓分為合格或失效。
recall,召回率｜真的屬於某類的樣本中，被正確找出的比例。｜例：Recall for edge-ring wafers is high because their shape is easy to recognise.｜譯：邊緣環晶圓的召回率很高，因為它的形狀容易辨認。
recipe,"Recipe（配方／程式）｜機台執行的參數設定；量測 recipe 含膜層模型與取樣計畫。｜例：The metrology recipe stores the stack model, fit settings, and sampling plan.｜譯：量測 recipe 儲存膜層模型、擬合設定與取樣計畫。"
recipe release,Recipe 發行｜完成驗證後正式交給產線使用。｜例：Recipe release requires a passing gauge R&R and a matching study.｜譯：Recipe 發行需要通過 GR&R 與機台匹配研究。
reduced chi-square,縮減卡方｜以自由度與雜訊正規化的擬合誤差；≈1 表示擬合與雜訊一致。｜例：A reduced chi-square far above 1 points to a wrong stack model.｜譯：縮減卡方遠大於 1 表示膜層模型有誤。
reference wafer,標準片｜膜厚已知且穩定的晶圓，用於校正與穩定性監控。｜例：The reference wafer is measured twice a day on every tool.｜譯：每台機台每天量測標準片兩次。
reflectance,反射率｜反射光強與入射光強之比，介於 0 與 1 之間。｜例：Bare silicon has a reflectance of about 0.35 at 633 nm.｜譯：裸矽在 633 nm 的反射率約為 0.35。
reflectometry,反射光譜量測｜量測反射率隨波長變化來推算膜厚，常為正向入射。｜例：Normal-incidence reflectometry loses sensitivity on oxides thinner than a few nanometres.｜譯：正向入射的反射光譜量測在數奈米以下的氧化層會失去靈敏度。
refractive index,折射率（n）｜光在材料中速度的倒數比；SiO2 約 1.46，Si3N4 約 2.0。｜例：A refractive index shift often signals a change in film composition.｜譯：折射率偏移常代表薄膜組成發生變化。
repeatability,重複性｜同一機台、同一條件下重複量測的變異。｜例：Static repeatability is measured without unloading the wafer.｜譯：靜態重複性是在不退片的情況下量測。
reproducibility,再現性｜不同機台、人員或時間下量測的變異。｜例：Reproducibility here is driven by tool-to-tool offsets.｜譯：這裡的再現性主要來自機台之間的偏移。
residual,殘差｜量測值減去模型值。｜例：Structured residuals mean the optical model is missing a layer.｜譯：殘差若有規律，代表光學模型少了一層。
response surface,反應曲面｜以二次模型描述輸出隨因子變化的曲面。｜例：The response surface shows deposition rate rising with RF power.｜譯：反應曲面顯示沉積速率隨射頻功率上升。
rework,重工｜不合格（多為微影）時去除後重做。｜例：Litho rework adds a two-hour delay to the lot.｜譯：微影重工會讓這批延遲兩小時。
RF power,射頻功率｜電漿製程中供給的射頻功率，影響沉積與蝕刻速率。｜例：Raising RF power increases PECVD deposition rate.｜譯：提高射頻功率會增加 PECVD 沉積速率。
root cause analysis,根本原因分析｜找出異常真正來源的分析過程。｜例：Root cause analysis traced the yield loss to one etch chamber.｜譯：根本原因分析把良率損失追溯到一個蝕刻腔體。
run order randomization,實驗順序隨機化｜打亂實驗順序，避免機台漂移或時間效應被誤認為因子效應。｜例：Run order randomization keeps chamber drift from masquerading as a temperature effect.｜譯：實驗順序隨機化讓 chamber 漂移不會偽裝成溫度效應。
sampling plan,取樣計畫｜每片量哪些點、每批量幾片的規定。｜例：The 49-point sampling plan uses three rings around a centre site.｜譯：49 點取樣計畫在中心點外圍佈三圈。
schema,"資料結構定義（schema）｜欄位名稱、型別與關聯的規定。｜例：Map your fab export to the standard schema once, in a loader.｜譯：在一個載入程式中，把廠內匯出資料一次對應到標準 schema。"
scrap,報廢｜晶圓無法修復而被丟棄。｜例：A scrapped wafer disappears from all later process steps.｜譯：報廢的晶圓不會出現在之後的任何製程站點。
scratch,刮傷｜線狀缺陷圖樣，多與晶圓搬運或 CMP 有關。｜例：A scratch pattern runs in a straight line across several dies.｜譯：刮傷圖樣以直線橫跨數顆晶粒。
Sellmeier equation,塞爾邁爾方程式｜以共振項描述折射率的色散公式，常用於 SiO2、Si3N4。｜例：SiO2 uses the Malitson Sellmeier equation for fused silica.｜譯：SiO2 使用 Malitson 的熔融石英塞爾邁爾方程式。
sensitivity,靈敏度｜訊號對參數變化的響應大小，決定可達到的量測精度。｜例：The sensitivity study shows why SE is chosen for films below 5 nm.｜譯：靈敏度研究說明了為什麼 5 nm 以下的薄膜選用 SE。
sensor,感測器（機台參數）｜機台回報的製程參數，如 RF 功率、壓力、溫度。｜例：The tool's primary sensor couples into the first metrology parameter.｜譯：機台的主要感測器參數會影響第一個量測參數。
sheet resistance,片電阻｜薄導電層的電阻，單位 Ω/□。｜例：Sheet resistance is measured after the source-drain anneal.｜譯：片電阻在源汲極退火之後量測。
short-term sigma,短期標準差｜由移動全距或子群內變異估計，不含漂移。｜例：EWMA limits use short-term sigma so drift cannot widen them.｜譯：EWMA 界限使用短期標準差，因此漂移不會把界限撐寬。
sidewall angle,側壁角｜蝕刻輪廓側壁與水平面的夾角。｜例：A sidewall angle of 88 degrees is the gate etch target.｜譯：閘極蝕刻的目標側壁角為 88 度。
silicon dioxide,二氧化矽（SiO2）｜最常見的介電質薄膜，可熱成長或沉積。｜例：Thermal silicon dioxide is the classic metrology reference film.｜譯：熱成長二氧化矽是經典的量測參考膜。
silicon nitride,氮化矽（Si3N4）｜常作硬遮罩、間隙壁、保護層，n 約 2.0。｜例：Silicon nitride on pad oxide is fitted as a two-layer model.｜譯：墊氧化層上的氮化矽用兩層模型擬合。
slot,槽位｜晶圓在晶舟或 FOUP 中的位置編號（1–25）。｜例：Odd and even slots go to different chambers.｜譯：奇數與偶數槽位進入不同的腔體。
sort bin,電測分類（bin）｜晶圓電性測試後依失效類型給的分類代碼。｜例：Leakage failures are reported in sort bin 3.｜譯：漏電失效歸在電測分類 bin 3。
spatial signature,空間特徵（signature）｜晶圓圖的典型形狀，可追溯到製程或機台原因。｜例：Each chamber leaves its own spatial signature on the wafer.｜譯：每個腔體都會在晶圓上留下自己的空間特徵。
specification limits,規格界限（USL／LSL）｜客戶或設計要求的上下限。｜例：The specification limits are 98.5 and 101.5 nm.｜譯：規格界限為 98.5 與 101.5 nm。
spectroscopic ellipsometry,光譜式橢圓偏光術（SE）｜量測反射光偏振態的變化（Ψ、Δ），對極薄膜最靈敏。｜例：Spectroscopic ellipsometry resolves sub-angstrom changes in a 2 nm gate oxide.｜譯：光譜式橢圓偏光術可以分辨 2 nm 閘極氧化層中小於 1 埃的變化。
SPICE netlist,SPICE 網表｜描述電路元件與連接的文字檔，用於電路模擬。｜例：Extracted device parameters are exported as a SPICE netlist.｜譯：萃取的元件參數匯出為 SPICE 網表。
split lot,"分批（split）｜一批晶圓被拆成子批，常用於實驗。｜例：In a split lot, slots 13 to 25 become a child lot.｜譯：分批時，槽位 13 到 25 變成子批。"
standard error,標準誤差｜參數估計值的 1σ 不確定度；只涵蓋雜訊，不涵蓋模型錯誤。｜例：The reported standard error stayed at 0.001 nm even when the IL was wrong.｜譯：即使介面層設錯，回報的標準誤差仍停在 0.001 nm。
star schema,星型綱要｜以事實表為中心、周圍連接維度表的資料倉儲結構。｜例：The star schema separates measurement facts from tool dimensions.｜譯：星型綱要把量測事實與機台維度分開。
statistical process control,統計製程管制（SPC）｜以統計方法監控製程是否處於管制狀態。｜例：Statistical process control flags the shift within four wafers.｜譯：統計製程管制在四片之內就偵測到偏移。
step coverage,階梯覆蓋率｜溝槽側壁或底部膜厚與表面膜厚之比。｜例：ALD keeps step coverage near 100 percent even at high aspect ratio.｜譯：即使在高深寬比下，ALD 的階梯覆蓋率仍接近 100%。
substrate,基板｜薄膜下方視為半無限厚的材料，量測監控片通常為矽基板。｜例：Light that reaches the substrate is either reflected back or absorbed.｜譯：到達基板的光不是被反射回來就是被吸收。
surface-reaction limited,表面反應控制｜沉積速率受表面化學反應速度限制（低溫時），遵循 Arrhenius 關係、對溫度敏感。｜例：In the surface-reaction limited regime the heater profile shows up in the thickness map.｜譯：在表面反應控制區，加熱器的溫度分布會反映在膜厚圖上。
synthetic data,合成資料｜以模擬產生、已知真值的資料，用於練習與驗證。｜例：Synthetic data lets you score detection against a known truth.｜譯：合成資料讓你能以已知真值評估偵測效果。
Tauc-Lorentz model,Tauc-Lorentz 模型｜描述非晶半導體吸收的色散模型，含能隙 Eg。｜例：Amorphous silicon is described with a Tauc-Lorentz oscillator.｜譯：非晶矽用 Tauc-Lorentz 振子來描述。
technology node,技術節點｜製程世代，如 28 nm、1-gamma。｜例：Metrology targets are scaled for each technology node.｜譯：量測目標值會依技術節點縮放。
thermal oxidation,熱氧化｜在高溫氧氣或水氣中成長 SiO2；常用 Deal-Grove 模型。｜例：Thermal oxidation follows the Deal-Grove linear-parabolic model.｜譯：熱氧化遵循 Deal-Grove 線性-拋物線模型。
thin film,薄膜｜厚度從次奈米到微米的沉積或成長層，如氧化層、氮化矽、high-k。｜例：Each thin film in the stack is modelled with its own thickness and dispersion law.｜譯：堆疊中的每一層薄膜都用各自的厚度與色散模型來描述。
tilt,傾斜｜晶圓一側高一側低的線性梯度，常與氣流或載台有關。｜例：A left-to-right tilt suggests an asymmetric gas flow.｜譯：左右方向的傾斜暗示氣流不對稱。
time-series database,時間序列資料庫｜專為時間戳記資料優化的資料庫，如 TimescaleDB。｜例：Sensor data is stored in a time-series database.｜譯：感測器資料存放在時間序列資料庫中。
tool matching,機台匹配｜確認多台量測機台對同一晶圓給出一致結果。｜例：Tool matching compares the same wafers and sites on two tools.｜譯：機台匹配在兩台機台上比較相同晶圓、相同量測點。
transfer matrix method,傳輸矩陣法（TMM）｜以每層 2×2 矩陣相乘計算多層膜光學響應的方法。｜例：The transfer matrix method handles any number of planar layers.｜譯：傳輸矩陣法可以處理任意層數的平面膜層。
trench depth,溝槽深度｜蝕刻溝槽的深度，例如 STI。｜例：Trench depth is shallower at the edge in the STI etch.｜譯：在 STI 蝕刻中，邊緣的溝槽深度較淺。
underlayer,下層膜｜被量測膜下方的膜層；若固定值有誤，會轉嫁到上層結果。｜例：An error in the fixed underlayer transfers into the floated layer without raising chi-square.｜譯：固定的下層膜若有誤差，會轉嫁到浮動層，而卡方不會升高。
unit test,單元測試｜自動檢查程式小單元是否正確。｜例：Unit tests compare the optics against analytic limits.｜譯：單元測試把光學計算與解析極限做比對。
variance component,"變異成分｜總變異中歸屬於某一來源（零件、機台、重複）的部分。｜例：Part-to-part is the largest variance component, as it should be.｜譯：零件間是最大的變異成分，這是應有的結果。"
virtual environment,虛擬環境｜專案專用的 Python 套件環境，避免版本衝突。｜例：Activate the virtual environment before installing the toolkit.｜譯：安裝工具箱之前先啟用虛擬環境。
wafer genealogy,晶圓履歷｜每片晶圓經過哪些機台、腔體、時間的完整紀錄。｜例：Chamber-level wafer genealogy makes commonality analysis possible.｜譯：腔體層級的晶圓履歷讓共通性分析成為可能。
wafer map,晶圓圖｜量測值或良率在晶圓上的空間分布圖。｜例：The wafer map shows a thinner ring near the edge.｜譯：晶圓圖顯示靠近邊緣有一圈較薄。
wafer-to-wafer variation,片間變異｜不同晶圓平均值之間的變異。｜例：Wafer-to-wafer variation is larger than site noise in this chamber.｜譯：這個腔體的片間變異大於量測點雜訊。
Western Electric rules,西方電氣法則（WE rules）｜判斷管制圖異常的規則，如一點超出 3σ、連續 8 點在同一側。｜例：Western Electric rule 4 caught eight points in a row below the centre line.｜譯：西方電氣法則第 4 條抓到連續八點低於中心線。
within-wafer uniformity,片內均勻性｜同一片晶圓上量測值的變異，常以 1σ% 表示。｜例：Within-wafer uniformity is charted alongside the wafer mean.｜譯：片內均勻性與晶圓平均值一起繪製管制圖。
Xbar-R chart,平均值-全距管制圖｜以子群平均與全距監控製程，子群大小 2–10。｜例：The Xbar-R chart groups five consecutive wafers into one subgroup.｜譯：平均值-全距管制圖把連續五片晶圓分成一個子群。
yield,良率｜合格晶粒佔總晶粒的比例。｜例：Weekly yield dropped after the recipe change.｜譯：Recipe 變更後每週良率下降。
yield model,良率模型｜由缺陷密度與晶粒面積預測良率，如 Murphy、Poisson 模型。｜例：The Murphy yield model links defect density to die yield.｜譯：Murphy 良率模型把缺陷密度與晶粒良率連結起來。
Zernike polynomials,澤尼克多項式｜圓形區域上的正交多項式，用來分解晶圓圖成傾斜、碗形等成分。｜例：Zernike polynomials turn a 49-point map into a few meaningful numbers.｜譯：澤尼克多項式把 49 點晶圓圖轉成幾個有意義的數字。
