lot_id,chamber_id,mean,sigma,unif_half_range,radial_a1
L01,A,20.051930612244895,0.03935795241583786,0.38599774503875345,0.05320404588426182
L01,B,20.045697959183673,0.03452475253227685,0.28784230969401603,-0.004289059055778054
L02,A,20.028808163265307,0.037915920341014014,0.4136541691579788,0.0177329237864957
L02,B,20.036967346938773,0.0416687002224845,0.3513505750697098,0.00632592860484224
L03,A,20.048567346938775,0.04028444896273618,0.4289583315943604,0.02224102009150393
L03,B,20.030091836734695,0.03392665395584215,0.3240124934473577,0.03361410118423109
L04,A,20.09491836734694,0.03412327940393372,0.3403845626521501,0.06835316725297143
L04,B,20.053377551020407,0.032822262930479996,0.3046868281642195,0.029565770059767155
L05,A,20.033144897959183,0.0398955096743588,0.3671415565286098,-0.015684448766187478
L05,B,20.03792857142857,0.037913085911507445,0.3807778819453099,-0.07874088928791095
L06,A,20.080451020408166,0.03813950337494003,0.40711236972175263,0.029140823590340023
L06,B,20.04967142857143,0.03868580165900651,0.3433971486529497,-0.005182099835080965
L07,A,20.054577551020408,0.0388562428773576,0.3926784286512807,-0.013981667052573546
L07,B,20.092895918367347,0.040153149311851544,0.39367147633355026,-0.07321946038581785
L08,A,20.071073469387755,0.04028242366668833,0.35075353646317364,-0.030685311932604677
L08,B,20.04585714285714,0.03363296993526848,0.32650137898105175,0.007103285381865901
L09,A,20.016632653061226,0.043778692437812926,0.4124070288484549,-0.049301334067567745
L09,B,20.023061224489794,0.036134867835227874,0.3408569710435967,-0.049477678626538145
L10,A,20.054951020408165,0.038971512685812046,0.32735058755911955,0.01625573621203258
L10,B,19.99200612244898,0.03901831518746083,0.33013195171989,-0.05083598132697377
L11,A,20.037987755102037,0.037672307649060204,0.31240661869383896,-0.03918643278371082
L11,B,20.007765306122447,0.039949517889354295,0.3913480531283541,-0.051300603610438
L12,A,20.0750306122449,0.037362309462442934,0.33723485312498724,-0.023604643219710363
L12,B,20.044708163265305,0.04324911770166874,0.4018516974351343,-0.05740792108349411
L13,A,19.998314285714283,0.04074560303476521,0.3647807458057116,-0.03603407363543607
L13,B,20.07052244897959,0.03417515097080871,0.32111769967043136,0.009414568885661882
L14,A,20.041928571428574,0.04430401599554306,0.4555449824831532,0.07278360305998359
L14,B,20.033295918367347,0.038296681531518044,0.33918532565427933,-0.004305677200498348
L15,A,20.079104081632654,0.036448222174200476,0.34139969453470875,0.04819753857559926
L15,B,20.030404081632653,0.03728370376352806,0.36519482932986186,-0.10297908725403385
L16,A,20.022014285714285,0.04179475146474725,0.387573392430191,-0.06015759756753517
L16,B,19.98689387755102,0.0386867031859961,0.3299662288899884,-0.018905846722179796
L17,A,20.04014081632653,0.03489862651528088,0.33233299411619344,0.006759150786814924
L17,B,20.023385714285713,0.03689338242377169,0.38854567908809423,0.004021792195406819
L18,A,20.00416530612245,0.03677255289286442,0.37217248938257125,-0.013284797346951129
L18,B,20.015816326530608,0.036800919072189305,0.3065076087787676,-0.029400428964846917
L19,A,20.037757142857142,0.03766335531167306,0.35557871817703723,-0.008668629081169311
L19,B,20.018787755102043,0.03648315040680306,0.34217856164912064,-0.010532708518157935
L20,A,20.016967346938777,0.037627806582782794,0.4001605168839407,-0.06688532860869378
L20,B,19.82170612244898,0.08904763100012647,0.7696108450888087,-0.31419978992578546
L21,A,20.027516326530613,0.03779532238991813,0.34777153025078394,0.001080873093490746
L21,B,19.84310612244898,0.0915046979854114,0.8219479298932998,-0.36181686188361784
L22,A,20.052342857142857,0.04009361960877753,0.40444151876802065,0.057328881744623084
L22,B,19.817587755102043,0.09316613438872934,0.7927301846288247,-0.3523908587000998
L23,A,20.024534693877552,0.03616905071455193,0.331093835704812,-0.01373745658720877
L23,B,19.791948979591837,0.08890037523929287,0.7586418101361562,-0.4024429329247495
L24,A,20.03013673469388,0.039749039264477454,0.4578101548411666,0.057297544446782825
L24,B,19.839634693877553,0.09651895226461225,0.7913452158897346,-0.3363919442473417
L25,A,20.026716326530615,0.04442938379673778,0.43042503121595344,0.011406424039890957
L25,B,19.803283673469387,0.08718658236539512,0.7529054396152963,-0.34252991572667346
L26,A,20.063171428571426,0.03456744615000259,0.33793261569528293,-0.03492564139449711
L26,B,19.776273469387757,0.09174100268216641,0.7546922337569236,-0.2898700748397245
L27,A,20.026281632653063,0.04112810106580306,0.3677667245022339,-0.04027033327471609
L27,B,19.78677551020408,0.09062455179340258,0.7325599864679755,-0.32847805468246627
L28,A,20.06607142857143,0.040119524548528775,0.4467740500133521,0.011034544946764195
L28,B,19.835599999999996,0.09159084743211698,0.6924418721894041,-0.34298729717625615
L29,A,20.034785714285714,0.0425864757483721,0.40205071892815275,-0.02844648598801804
L29,B,19.81516530612245,0.09391374267339772,0.8009017212234147,-0.4279399279406876
L30,A,20.02637142857143,0.04043524143615322,0.34129997160886716,0.035138309599661396
L30,B,19.789175510204082,0.0883826895066097,0.7678440161473525,-0.34067225368293497
